formation,stop,date_and_time,place,latitude,longitude,size,effect,coordinate_note,context_source_url
"Japanese 25th Army · western advance","1","1941-12-08T01:45","singora","7.2123","100.5909","L","none","Representative locality; not a verified unit GPS position","https://www.awm.gov.au/collection/E84717"
"Japanese 25th Army · western advance","2","1941-12-13T12:00","jitra","6.2668","100.4197","L","firing","Representative locality; not a verified unit GPS position","https://www.awm.gov.au/collection/E84717"
"Japanese 25th Army · western advance","3","1941-12-28T12:00","ipoh","4.5987","101.09","L","none","Representative locality; not a verified unit GPS position","https://www.awm.gov.au/collection/E84717"
"Japanese 25th Army · western advance","4","1942-01-07T12:00","slimRiver","3.827","101.4023","L","booming","Representative locality; not a verified unit GPS position","https://www.awm.gov.au/collection/E84717"
"Japanese 25th Army · western advance","5","1942-01-11T12:00","kualaLumpur","3.1517","101.6942","L","none","Representative locality; not a verified unit GPS position","https://www.awm.gov.au/collection/E84717"
"Japanese 25th Army · western advance","6","1942-01-14T12:00","gemas","2.5795","102.6138","L","firing","Representative locality; not a verified unit GPS position","https://www.awm.gov.au/collection/E84717"
"Japanese 25th Army · western advance","7","1942-01-18T12:00","muar","2.05","102.5667","L","firing","Representative locality; not a verified unit GPS position","https://www.awm.gov.au/collection/E84717"
"Japanese 25th Army · western advance","8","1942-01-24T12:00","yongPeng","2.0132","103.0571","M","none","Representative locality; not a verified unit GPS position","https://www.awm.gov.au/collection/E84717"
"Japanese 25th Army · western advance","9","1942-01-31T12:00","johorBahru","1.4582","103.7649","M","none","Representative locality; not a verified unit GPS position","https://www.awm.gov.au/collection/E84717"
"Japanese 25th Army · western advance","10","1942-02-08T23:00","sarimbun","1.4352","103.6986","L","firing","Representative locality; not a verified unit GPS position","https://www.awm.gov.au/collection/E84717"
"Japanese 25th Army · western advance","11","1942-02-09T12:00","tengah","1.3639","103.7287","L","none","Representative locality; not a verified unit GPS position","https://www.awm.gov.au/collection/E84717"
"Japanese 25th Army · western advance","12","1942-02-11T12:00","bukitTimah","1.3279","103.7936","L","booming","Representative locality; not a verified unit GPS position","https://www.awm.gov.au/collection/E84717"
"Japanese 25th Army · western advance","13","1942-02-15T20:30","singapore","1.2899","103.8519","L","none","Representative locality; not a verified unit GPS position","https://www.awm.gov.au/collection/E84717"
"Japanese 25th Army · eastern advance","1","1941-12-08T01:45","kotaBharu","6.1248","102.2378","M","firing","Representative locality; not a verified unit GPS position","https://www.awm.gov.au/collection/E84717"
"Japanese 25th Army · eastern advance","2","1941-12-22T12:00","kualaKrai","5.5312","102.1994","M","none","Representative locality; not a verified unit GPS position","https://www.awm.gov.au/collection/E84717"
"Japanese 25th Army · eastern advance","3","1942-01-05T12:00","kuantan","3.7974","103.3219","M","none","Representative locality; not a verified unit GPS position","https://www.awm.gov.au/collection/E84717"
"Japanese 25th Army · eastern advance","4","1942-01-26T12:00","endau","2.6522","103.6225","M","none","Representative locality; not a verified unit GPS position","https://www.awm.gov.au/collection/E84717"
"Japanese 25th Army · eastern advance","5","1942-01-27T12:00","jemaluang","2.2758","103.8579","M","firing","Representative locality; not a verified unit GPS position","https://www.awm.gov.au/collection/E84717"
"Japanese 25th Army · eastern advance","6","1942-01-30T12:00","kotaTinggi","1.7337","103.9007","M","none","Representative locality; not a verified unit GPS position","https://www.awm.gov.au/collection/E84717"
"Japanese 25th Army · eastern advance","7","1942-01-31T12:00","johorBahru","1.4582","103.7649","M","none","Representative locality; not a verified unit GPS position","https://www.awm.gov.au/collection/E84717"
"Japanese 25th Army · eastern advance","8","1942-02-09T12:00","tengah","1.3639","103.7287","M","none","Representative locality; not a verified unit GPS position","https://www.awm.gov.au/collection/E84717"
"Japanese 25th Army · eastern advance","9","1942-02-15T20:30","singapore","1.2899","103.8519","M","none","Representative locality; not a verified unit GPS position","https://www.awm.gov.au/collection/E84717"
"British-Indian northern defence","1","1941-12-08T01:45","jitra","6.2668","100.4197","L","none","Representative locality; not a verified unit GPS position","https://www.awm.gov.au/collection/E84717"
"British-Indian northern defence","2","1941-12-17T12:00","gurun","5.8202","100.4772","L","firing","Representative locality; not a verified unit GPS position","https://www.awm.gov.au/collection/E84717"
"British-Indian northern defence","3","1941-12-30T12:00","kampar","4.3","101.15","L","firing","Representative locality; not a verified unit GPS position","https://www.awm.gov.au/collection/E84717"
"British-Indian northern defence","4","1942-01-07T12:00","slimRiver","3.827","101.4023","M","booming","Representative locality; not a verified unit GPS position","https://www.awm.gov.au/collection/E84717"
"British-Indian northern defence","5","1942-01-11T12:00","kualaLumpur","3.1517","101.6942","M","none","Representative locality; not a verified unit GPS position","https://www.awm.gov.au/collection/E84717"
"British-Indian northern defence","6","1942-01-14T12:00","segamat","2.582","102.6191","M","none","Representative locality; not a verified unit GPS position","https://www.awm.gov.au/collection/E84717"
"British-Indian northern defence","7","1942-01-31T12:00","johorBahru","1.4582","103.7649","M","none","Representative locality; not a verified unit GPS position","https://www.awm.gov.au/collection/E84717"
"British-Indian northern defence","8","1942-02-08T23:00","tengah","1.3639","103.7287","M","firing","Representative locality; not a verified unit GPS position","https://www.awm.gov.au/collection/E84717"
"British-Indian northern defence","9","1942-02-15T20:30","singapore","1.2899","103.8519","S","none","Representative locality; not a verified unit GPS position","https://www.awm.gov.au/collection/E84717"
"22nd Australian Brigade · eastern Johor","1","1941-12-08T01:45","mersing","2.4299","103.8355","L","none","Representative locality; not a verified unit GPS position","https://www.awm.gov.au/collection/E84717"
"22nd Australian Brigade · eastern Johor","2","1942-01-17T12:00","jemaluang","2.2758","103.8579","L","none","Representative locality; not a verified unit GPS position","https://www.awm.gov.au/collection/E84717"
"22nd Australian Brigade · eastern Johor","3","1942-01-27T12:00","jemaluang","2.2758","103.8579","L","firing","Representative locality; not a verified unit GPS position","https://www.awm.gov.au/collection/E84717"
"22nd Australian Brigade · eastern Johor","4","1942-01-31T12:00","johorBahru","1.4582","103.7649","M","none","Representative locality; not a verified unit GPS position","https://www.awm.gov.au/collection/E84717"
"22nd Australian Brigade · eastern Johor","5","1942-02-08T23:00","sarimbun","1.4352","103.6986","L","firing","Representative locality; not a verified unit GPS position","https://www.awm.gov.au/collection/E84717"
"22nd Australian Brigade · eastern Johor","6","1942-02-11T12:00","bukitTimah","1.3279","103.7936","M","crack","Representative locality; not a verified unit GPS position","https://www.awm.gov.au/collection/E84717"
"22nd Australian Brigade · eastern Johor","7","1942-02-15T20:30","singapore","1.2899","103.8519","S","none","Representative locality; not a verified unit GPS position","https://www.awm.gov.au/collection/E84717"
"27th Australian Brigade · western Johor","1","1941-12-08T01:45","kotaTinggi","1.7337","103.9007","M","none","Representative locality; not a verified unit GPS position","https://www.awm.gov.au/collection/E84717"
"27th Australian Brigade · western Johor","2","1942-01-10T12:00","segamat","2.582","102.6191","L","none","Representative locality; not a verified unit GPS position","https://www.awm.gov.au/collection/E84717"
"27th Australian Brigade · western Johor","3","1942-01-14T12:00","gemas","2.5795","102.6138","L","firing","Representative locality; not a verified unit GPS position","https://www.awm.gov.au/collection/E84717"
"27th Australian Brigade · western Johor","4","1942-01-18T12:00","bakri","2.0425","102.654","M","firing","Representative locality; not a verified unit GPS position","https://www.awm.gov.au/collection/E84717"
"27th Australian Brigade · western Johor","5","1942-01-24T12:00","yongPeng","2.0132","103.0571","M","none","Representative locality; not a verified unit GPS position","https://www.awm.gov.au/collection/E84717"
"27th Australian Brigade · western Johor","6","1942-01-30T12:00","johorBahru","1.4582","103.7649","M","none","Representative locality; not a verified unit GPS position","https://www.awm.gov.au/collection/E84717"
"27th Australian Brigade · western Johor","7","1942-02-08T23:00","causeway","1.446","103.769","M","firing","Representative locality; not a verified unit GPS position","https://www.awm.gov.au/collection/E84717"
"27th Australian Brigade · western Johor","8","1942-02-11T12:00","bukitTimah","1.3279","103.7936","S","none","Representative locality; not a verified unit GPS position","https://www.awm.gov.au/collection/E84717"
"27th Australian Brigade · western Johor","9","1942-02-15T20:30","singapore","1.2899","103.8519","S","none","Representative locality; not a verified unit GPS position","https://www.awm.gov.au/collection/E84717"
"45th Indian Brigade · Muar sector","1","1942-01-14T12:00","muar","2.05","102.5667","M","none","Representative locality; not a verified unit GPS position","https://www.awm.gov.au/collection/E84717"
"45th Indian Brigade · Muar sector","2","1942-01-18T12:00","bakri","2.0425","102.654","M","firing","Representative locality; not a verified unit GPS position","https://www.awm.gov.au/collection/E84717"
"45th Indian Brigade · Muar sector","3","1942-01-22T12:00","paritSulong","1.9759","102.883","S","crack","Representative locality; not a verified unit GPS position","https://www.awm.gov.au/collection/E84717"
"Japanese landing fleet · Kota Bharu","1","1941-12-08T01:45","kotaBharuSea","6.22","102.35","M","none","Representative locality; not a verified unit GPS position","https://www.awm.gov.au/collection/E84717"
"Japanese landing fleet · Kota Bharu","2","1941-12-09T12:00","kotaBharu","6.1248","102.2378","S","firing","Representative locality; not a verified unit GPS position","https://www.awm.gov.au/collection/E84717"
"Japan · 5th Infantry Division","1","1941-12-08T02:00","singora","7.2123","100.5909","S","none","Representative locality; not a verified unit GPS position","https://s3-ap-southeast-2.amazonaws.com/awm-media/collection/RCDIG1070100/document/5519429.PDF"
"Japan · 5th Infantry Division","2","1941-12-13T12:00","jitra","6.2668","100.4197","S","firing","Representative locality; not a verified unit GPS position","https://s3-ap-southeast-2.amazonaws.com/awm-media/collection/RCDIG1070100/document/5519429.PDF"
"Japan · 5th Infantry Division","3","1941-12-15T12:00","gurun","5.8202","100.4772","S","none","Representative locality; not a verified unit GPS position","https://s3-ap-southeast-2.amazonaws.com/awm-media/collection/RCDIG1070100/document/5519429.PDF"
"Japan · 5th Infantry Division","4","1942-01-01T12:00","kampar","4.3","101.15","S","firing","Representative locality; not a verified unit GPS position","https://s3-ap-southeast-2.amazonaws.com/awm-media/collection/RCDIG1070100/document/5519429.PDF"
"Japan · 5th Infantry Division","5","1942-01-07T12:00","slimRiver","3.827","101.4023","S","booming","Representative locality; not a verified unit GPS position","https://s3-ap-southeast-2.amazonaws.com/awm-media/collection/RCDIG1070100/document/5519429.PDF"
"Japan · 5th Infantry Division","6","1942-01-14T12:00","gemas","2.5795","102.6138","S","none","Representative locality; not a verified unit GPS position","https://s3-ap-southeast-2.amazonaws.com/awm-media/collection/RCDIG1070100/document/5519429.PDF"
"Japan · 5th Infantry Division","7","1942-02-08T23:00","limChuKang","1.431","103.7195","S","firing","Representative locality; not a verified unit GPS position","https://s3-ap-southeast-2.amazonaws.com/awm-media/collection/RCDIG1070100/document/5519429.PDF"
"Japan · 5th Infantry Division","8","1942-02-14T12:00","bukitBrown","1.3337","103.8307","S","firing","Representative locality; not a verified unit GPS position","https://s3-ap-southeast-2.amazonaws.com/awm-media/collection/RCDIG1070100/document/5519429.PDF"
"Japan · 5th Infantry Division","9","1942-02-15T20:30","singapore","1.2899","103.8519","S","none","Representative locality; not a verified unit GPS position","https://s3-ap-southeast-2.amazonaws.com/awm-media/collection/RCDIG1070100/document/5519429.PDF"
"Japan · 18th Infantry Division","1","1942-01-01T12:00","singora","7.2123","100.5909","S","none","Representative locality; not a verified unit GPS position","https://s3-ap-southeast-2.amazonaws.com/awm-media/collection/RCDIG1070100/document/5519429.PDF"
"Japan · 18th Infantry Division","2","1942-01-31T12:00","johorBahru","1.4582","103.7649","S","none","Representative locality; not a verified unit GPS position","https://s3-ap-southeast-2.amazonaws.com/awm-media/collection/RCDIG1070100/document/5519429.PDF"
"Japan · 18th Infantry Division","3","1942-02-08T23:00","sarimbun","1.4352","103.6986","S","firing","Representative locality; not a verified unit GPS position","https://s3-ap-southeast-2.amazonaws.com/awm-media/collection/RCDIG1070100/document/5519429.PDF"
"Japan · 18th Infantry Division","4","1942-02-11T12:00","bukitTimah","1.3279","103.7936","S","firing","Representative locality; not a verified unit GPS position","https://s3-ap-southeast-2.amazonaws.com/awm-media/collection/RCDIG1070100/document/5519429.PDF"
"Japan · 18th Infantry Division","5","1942-02-14T12:00","pasirPanjang","1.2762","103.7915","S","firing","Representative locality; not a verified unit GPS position","https://s3-ap-southeast-2.amazonaws.com/awm-media/collection/RCDIG1070100/document/5519429.PDF"
"Japan · 18th Infantry Division","6","1942-02-15T20:30","singapore","1.2899","103.8519","S","none","Representative locality; not a verified unit GPS position","https://s3-ap-southeast-2.amazonaws.com/awm-media/collection/RCDIG1070100/document/5519429.PDF"
"Japan · Imperial Guards Division","1","1942-01-02T12:00","telukIntan","4.0256","101.0208","S","none","Representative locality; not a verified unit GPS position","https://s3-ap-southeast-2.amazonaws.com/awm-media/collection/RCDIG1070100/document/5519429.PDF"
"Japan · Imperial Guards Division","2","1942-01-16T12:00","muar","2.05","102.5667","S","firing","Representative locality; not a verified unit GPS position","https://s3-ap-southeast-2.amazonaws.com/awm-media/collection/RCDIG1070100/document/5519429.PDF"
"Japan · Imperial Guards Division","3","1942-01-31T12:00","johorBahru","1.4582","103.7649","S","none","Representative locality; not a verified unit GPS position","https://s3-ap-southeast-2.amazonaws.com/awm-media/collection/RCDIG1070100/document/5519429.PDF"
"Japan · Imperial Guards Division","4","1942-02-09T12:00","kranji","1.4252","103.762","S","firing","Representative locality; not a verified unit GPS position","https://s3-ap-southeast-2.amazonaws.com/awm-media/collection/RCDIG1070100/document/5519429.PDF"
"Japan · Imperial Guards Division","5","1942-02-15T20:30","singapore","1.2899","103.8519","S","none","Representative locality; not a verified unit GPS position","https://s3-ap-southeast-2.amazonaws.com/awm-media/collection/RCDIG1070100/document/5519429.PDF"
"Japan · 9th Infantry Brigade","1","1941-12-08T02:00","singora","7.2123","100.5909","S","none","Representative locality; not a verified unit GPS position","https://s3-ap-southeast-2.amazonaws.com/awm-media/collection/RCDIG1070100/document/5519429.PDF"
"Japan · 9th Infantry Brigade","2","1941-12-13T12:00","jitra","6.2668","100.4197","S","firing","Representative locality; not a verified unit GPS position","https://s3-ap-southeast-2.amazonaws.com/awm-media/collection/RCDIG1070100/document/5519429.PDF"
"Japan · 9th Infantry Brigade","3","1941-12-15T12:00","gurun","5.8202","100.4772","S","none","Representative locality; not a verified unit GPS position","https://s3-ap-southeast-2.amazonaws.com/awm-media/collection/RCDIG1070100/document/5519429.PDF"
"Japan · 9th Infantry Brigade","4","1942-01-01T12:00","kampar","4.3","101.15","S","firing","Representative locality; not a verified unit GPS position","https://s3-ap-southeast-2.amazonaws.com/awm-media/collection/RCDIG1070100/document/5519429.PDF"
"Japan · 21st Infantry Brigade","1","1941-12-08T02:00","patani","6.8686","101.2501","S","none","Representative locality; not a verified unit GPS position","https://s3-ap-southeast-2.amazonaws.com/awm-media/collection/RCDIG1070100/document/5519429.PDF"
"Japan · 21st Infantry Brigade","2","1941-12-13T12:00","baling","5.5507","100.7976","S","firing","Representative locality; not a verified unit GPS position","https://s3-ap-southeast-2.amazonaws.com/awm-media/collection/RCDIG1070100/document/5519429.PDF"
"Japan · 21st Infantry Brigade","3","1942-01-07T12:00","slimRiver","3.827","101.4023","S","booming","Representative locality; not a verified unit GPS position","https://s3-ap-southeast-2.amazonaws.com/awm-media/collection/RCDIG1070100/document/5519429.PDF"
"Japan · 11th Infantry Regiment","1","1941-12-08T02:00","singora","7.2123","100.5909","S","none","Representative locality; not a verified unit GPS position","https://s3-ap-southeast-2.amazonaws.com/awm-media/collection/RCDIG1070100/document/5519429.PDF"
"Japan · 11th Infantry Regiment","2","1941-12-13T12:00","jitra","6.2668","100.4197","S","none","Representative locality; not a verified unit GPS position","https://s3-ap-southeast-2.amazonaws.com/awm-media/collection/RCDIG1070100/document/5519429.PDF"
"Japan · 11th Infantry Regiment","3","1942-01-02T12:00","telukIntan","4.0256","101.0208","S","firing","Representative locality; not a verified unit GPS position","https://s3-ap-southeast-2.amazonaws.com/awm-media/collection/RCDIG1070100/document/5519429.PDF"
"Japan · 41st Infantry Regiment","1","1941-12-08T02:00","singora","7.2123","100.5909","S","none","Representative locality; not a verified unit GPS position","https://s3-ap-southeast-2.amazonaws.com/awm-media/collection/RCDIG1070100/document/5519429.PDF"
"Japan · 41st Infantry Regiment","2","1941-12-13T12:00","jitra","6.2668","100.4197","S","none","Representative locality; not a verified unit GPS position","https://s3-ap-southeast-2.amazonaws.com/awm-media/collection/RCDIG1070100/document/5519429.PDF"
"Japan · 41st Infantry Regiment","3","1942-01-01T12:00","kampar","4.3","101.15","S","firing","Representative locality; not a verified unit GPS position","https://s3-ap-southeast-2.amazonaws.com/awm-media/collection/RCDIG1070100/document/5519429.PDF"
"Japan · 42nd Infantry Regiment","1","1941-12-08T02:00","patani","6.8686","101.2501","S","none","Representative locality; not a verified unit GPS position","https://s3-ap-southeast-2.amazonaws.com/awm-media/collection/RCDIG1070100/document/5519429.PDF"
"Japan · 42nd Infantry Regiment","2","1941-12-13T12:00","baling","5.5507","100.7976","S","none","Representative locality; not a verified unit GPS position","https://s3-ap-southeast-2.amazonaws.com/awm-media/collection/RCDIG1070100/document/5519429.PDF"
"Japan · 42nd Infantry Regiment","3","1942-01-07T12:00","slimRiver","3.827","101.4023","S","booming","Representative locality; not a verified unit GPS position","https://s3-ap-southeast-2.amazonaws.com/awm-media/collection/RCDIG1070100/document/5519429.PDF"
"Japan · 56th Infantry Regiment","1","1941-12-08T01:45","kotaBharu","6.1248","102.2378","S","firing","Representative locality; not a verified unit GPS position","https://s3-ap-southeast-2.amazonaws.com/awm-media/collection/RCDIG1070100/document/5519429.PDF"
"Japan · 56th Infantry Regiment","2","1941-12-13T12:00","machang","5.7677","102.2381","S","none","Representative locality; not a verified unit GPS position","https://s3-ap-southeast-2.amazonaws.com/awm-media/collection/RCDIG1070100/document/5519429.PDF"
"Japan · 56th Infantry Regiment","3","1941-12-30T12:00","kuantan","3.7974","103.3219","S","none","Representative locality; not a verified unit GPS position","https://s3-ap-southeast-2.amazonaws.com/awm-media/collection/RCDIG1070100/document/5519429.PDF"
"Japan · 4th Guards Regiment detachment","1","1942-01-02T12:00","telukIntan","4.0256","101.0208","S","firing","Representative locality; not a verified unit GPS position","https://s3-ap-southeast-2.amazonaws.com/awm-media/collection/RCDIG1070100/document/5519429.PDF"
"Japan · 4th Guards Regiment detachment","2","1942-01-03T12:00","telukIntan","4.0256","101.0208","S","none","Representative locality; not a verified unit GPS position","https://s3-ap-southeast-2.amazonaws.com/awm-media/collection/RCDIG1070100/document/5519429.PDF"
"11th Indian Infantry Division","1","1941-12-08T12:00","jitra","6.2668","100.4197","S","none","Representative locality; not a verified unit GPS position","https://s3-ap-southeast-2.amazonaws.com/awm-media/collection/RCDIG1070591/document/5519874.PDF"
"11th Indian Infantry Division","2","1941-12-15T12:00","gurun","5.8202","100.4772","S","firing","Representative locality; not a verified unit GPS position","https://s3-ap-southeast-2.amazonaws.com/awm-media/collection/RCDIG1070591/document/5519874.PDF"
"11th Indian Infantry Division","3","1941-12-30T12:00","kampar","4.3","101.15","S","firing","Representative locality; not a verified unit GPS position","https://s3-ap-southeast-2.amazonaws.com/awm-media/collection/RCDIG1070591/document/5519874.PDF"
"11th Indian Infantry Division","4","1942-01-07T12:00","slimRiver","3.827","101.4023","S","crack","Representative locality; not a verified unit GPS position","https://s3-ap-southeast-2.amazonaws.com/awm-media/collection/RCDIG1070591/document/5519874.PDF"
"6th Indian Infantry Brigade","1","1941-12-08T12:00","jitra","6.2668","100.4197","S","none","Representative locality; not a verified unit GPS position","https://s3-ap-southeast-2.amazonaws.com/awm-media/collection/RCDIG1070591/document/5519874.PDF"
"6th Indian Infantry Brigade","2","1941-12-12T12:00","jitra","6.2668","100.4197","S","none","Representative locality; not a verified unit GPS position","https://s3-ap-southeast-2.amazonaws.com/awm-media/collection/RCDIG1070591/document/5519874.PDF"
"6th Indian Infantry Brigade","3","1941-12-14T12:00","gurun","5.8202","100.4772","S","firing","Representative locality; not a verified unit GPS position","https://s3-ap-southeast-2.amazonaws.com/awm-media/collection/RCDIG1070591/document/5519874.PDF"
"15th Indian Infantry Brigade","1","1941-12-08T12:00","jitra","6.2668","100.4197","S","none","Representative locality; not a verified unit GPS position","https://s3-ap-southeast-2.amazonaws.com/awm-media/collection/RCDIG1070591/document/5519874.PDF"
"15th Indian Infantry Brigade","2","1941-12-14T12:00","gurun","5.8202","100.4772","S","firing","Representative locality; not a verified unit GPS position","https://s3-ap-southeast-2.amazonaws.com/awm-media/collection/RCDIG1070591/document/5519874.PDF"
"Combined 6th/15th Indian Brigade","1","1941-12-18T12:00","gurun","5.8202","100.4772","S","none","Representative locality; not a verified unit GPS position","https://s3-ap-southeast-2.amazonaws.com/awm-media/collection/RCDIG1070591/document/5519874.PDF"
"Combined 6th/15th Indian Brigade","2","1941-12-30T12:00","kampar","4.3","101.15","S","firing","Representative locality; not a verified unit GPS position","https://s3-ap-southeast-2.amazonaws.com/awm-media/collection/RCDIG1070591/document/5519874.PDF"
"Combined 6th/15th Indian Brigade","3","1942-01-04T12:00","slimRiver","3.827","101.4023","S","none","Representative locality; not a verified unit GPS position","https://s3-ap-southeast-2.amazonaws.com/awm-media/collection/RCDIG1070591/document/5519874.PDF"
"28th Indian Infantry Brigade","1","1941-12-08T12:00","ipoh","4.5987","101.09","S","none","Representative locality; not a verified unit GPS position","https://s3-ap-southeast-2.amazonaws.com/awm-media/collection/RCDIG1070591/document/5519874.PDF"
"28th Indian Infantry Brigade","2","1941-12-12T12:00","jitra","6.2668","100.4197","S","none","Representative locality; not a verified unit GPS position","https://s3-ap-southeast-2.amazonaws.com/awm-media/collection/RCDIG1070591/document/5519874.PDF"
"28th Indian Infantry Brigade","3","1941-12-14T12:00","gurun","5.8202","100.4772","S","firing","Representative locality; not a verified unit GPS position","https://s3-ap-southeast-2.amazonaws.com/awm-media/collection/RCDIG1070591/document/5519874.PDF"
"28th Indian Infantry Brigade","4","1941-12-30T12:00","kampar","4.3","101.15","S","none","Representative locality; not a verified unit GPS position","https://s3-ap-southeast-2.amazonaws.com/awm-media/collection/RCDIG1070591/document/5519874.PDF"
"28th Indian Infantry Brigade","5","1942-01-07T12:00","slimRiver","3.827","101.4023","S","crack","Representative locality; not a verified unit GPS position","https://s3-ap-southeast-2.amazonaws.com/awm-media/collection/RCDIG1070591/document/5519874.PDF"
"12th Indian Infantry Brigade","1","1941-12-13T12:00","ipoh","4.5987","101.09","S","none","Representative locality; not a verified unit GPS position","https://s3-ap-southeast-2.amazonaws.com/awm-media/collection/RCDIG1070591/document/5519874.PDF"
"12th Indian Infantry Brigade","2","1941-12-14T12:00","baling","5.5507","100.7976","S","none","Representative locality; not a verified unit GPS position","https://s3-ap-southeast-2.amazonaws.com/awm-media/collection/RCDIG1070591/document/5519874.PDF"
"12th Indian Infantry Brigade","3","1941-12-26T12:00","chemor","4.7195","101.121","S","firing","Representative locality; not a verified unit GPS position","https://s3-ap-southeast-2.amazonaws.com/awm-media/collection/RCDIG1070591/document/5519874.PDF"
"12th Indian Infantry Brigade","4","1941-12-28T12:00","gopeng","4.4768","101.1681","S","firing","Representative locality; not a verified unit GPS position","https://s3-ap-southeast-2.amazonaws.com/awm-media/collection/RCDIG1070591/document/5519874.PDF"
"12th Indian Infantry Brigade","5","1942-01-02T12:00","bidor","4.1139","101.2884","S","none","Representative locality; not a verified unit GPS position","https://s3-ap-southeast-2.amazonaws.com/awm-media/collection/RCDIG1070591/document/5519874.PDF"
"12th Indian Infantry Brigade","6","1942-01-07T12:00","slimRiver","3.827","101.4023","S","crack","Representative locality; not a verified unit GPS position","https://s3-ap-southeast-2.amazonaws.com/awm-media/collection/RCDIG1070591/document/5519874.PDF"
"8th Indian Infantry Brigade · Kelantan","1","1941-12-08T01:45","kotaBharu","6.1248","102.2378","S","firing","Representative locality; not a verified unit GPS position","https://s3-ap-southeast-2.amazonaws.com/awm-media/collection/RCDIG1070591/document/5519874.PDF"
"8th Indian Infantry Brigade · Kelantan","2","1941-12-13T12:00","machang","5.7677","102.2381","S","firing","Representative locality; not a verified unit GPS position","https://s3-ap-southeast-2.amazonaws.com/awm-media/collection/RCDIG1070591/document/5519874.PDF"
"8th Indian Infantry Brigade · Kelantan","3","1941-12-19T12:00","kualaKrai","5.5312","102.1994","S","none","Representative locality; not a verified unit GPS position","https://s3-ap-southeast-2.amazonaws.com/awm-media/collection/RCDIG1070591/document/5519874.PDF"
"8th Indian Infantry Brigade · Kelantan","4","1941-12-23T12:00","kualaLipis","4.1872","102.053","S","none","Representative locality; not a verified unit GPS position","https://s3-ap-southeast-2.amazonaws.com/awm-media/collection/RCDIG1070591/document/5519874.PDF"
"8th Indian Infantry Brigade · Kelantan","5","1942-01-05T12:00","jerantut","4.2834","102.5575","S","none","Representative locality; not a verified unit GPS position","https://s3-ap-southeast-2.amazonaws.com/awm-media/collection/RCDIG1070591/document/5519874.PDF"
"22nd Indian Infantry Brigade · east","1","1941-12-08T12:00","kuantan","3.7974","103.3219","S","none","Representative locality; not a verified unit GPS position","https://s3-ap-southeast-2.amazonaws.com/awm-media/collection/RCDIG1070591/document/5519874.PDF"
"22nd Indian Infantry Brigade · east","2","1941-12-23T12:00","kuantan","3.7974","103.3219","S","firing","Representative locality; not a verified unit GPS position","https://s3-ap-southeast-2.amazonaws.com/awm-media/collection/RCDIG1070591/document/5519874.PDF"
"22nd Indian Infantry Brigade · east","3","1942-01-05T12:00","jerantut","4.2834","102.5575","S","none","Representative locality; not a verified unit GPS position","https://s3-ap-southeast-2.amazonaws.com/awm-media/collection/RCDIG1070591/document/5519874.PDF"
"22nd Indian Infantry Brigade · east","4","1942-01-24T12:00","paloh","2.183","103.1977","S","none","Representative locality; not a verified unit GPS position","https://s3-ap-southeast-2.amazonaws.com/awm-media/collection/RCDIG1070591/document/5519874.PDF"
"22nd Indian Infantry Brigade · east","5","1942-01-28T12:00","paloh","2.183","103.1977","S","crack","Representative locality; not a verified unit GPS position","https://s3-ap-southeast-2.amazonaws.com/awm-media/collection/RCDIG1070591/document/5519874.PDF"
"1/8th Punjab · Laycol detachment","1","1941-12-08T12:00","sadao","6.6364","100.4213","S","firing","Representative locality; not a verified unit GPS position","https://s3-ap-southeast-2.amazonaws.com/awm-media/collection/RCDIG1070591/document/5519874.PDF"
"1/8th Punjab · Laycol detachment","2","1941-12-12T12:00","jitra","6.2668","100.4197","S","none","Representative locality; not a verified unit GPS position","https://s3-ap-southeast-2.amazonaws.com/awm-media/collection/RCDIG1070591/document/5519874.PDF"
"1/8th Punjab · Laycol detachment","3","1941-12-14T12:00","gurun","5.8202","100.4772","S","firing","Representative locality; not a verified unit GPS position","https://s3-ap-southeast-2.amazonaws.com/awm-media/collection/RCDIG1070591/document/5519874.PDF"
"3/16th Punjab Regiment","1","1941-12-08T12:00","kroh","5.7058","100.9994","S","none","Representative locality; not a verified unit GPS position","https://s3-ap-southeast-2.amazonaws.com/awm-media/collection/RCDIG1070591/document/5519874.PDF"
"3/16th Punjab Regiment","2","1941-12-12T12:00","betong","5.7718","101.0715","S","firing","Representative locality; not a verified unit GPS position","https://s3-ap-southeast-2.amazonaws.com/awm-media/collection/RCDIG1070591/document/5519874.PDF"
"3/16th Punjab Regiment","3","1941-12-15T12:00","baling","5.5507","100.7976","S","none","Representative locality; not a verified unit GPS position","https://s3-ap-southeast-2.amazonaws.com/awm-media/collection/RCDIG1070591/document/5519874.PDF"
"2/12th Frontier Force Regiment","1","1941-12-08T01:45","kotaBharu","6.1248","102.2378","S","firing","Representative locality; not a verified unit GPS position","https://s3-ap-southeast-2.amazonaws.com/awm-media/collection/RCDIG1070591/document/5519874.PDF"
"2/12th Frontier Force Regiment","2","1941-12-13T12:00","machang","5.7677","102.2381","S","none","Representative locality; not a verified unit GPS position","https://s3-ap-southeast-2.amazonaws.com/awm-media/collection/RCDIG1070591/document/5519874.PDF"
"2/12th Frontier Force Regiment","3","1941-12-19T12:00","kualaKrai","5.5312","102.1994","S","none","Representative locality; not a verified unit GPS position","https://s3-ap-southeast-2.amazonaws.com/awm-media/collection/RCDIG1070591/document/5519874.PDF"
"2/12th Frontier Force Regiment","4","1942-01-05T12:00","kuantan","3.7974","103.3219","S","firing","Representative locality; not a verified unit GPS position","https://s3-ap-southeast-2.amazonaws.com/awm-media/collection/RCDIG1070591/document/5519874.PDF"
"2/2nd Gurkha Rifles","1","1941-12-30T12:00","kampar","4.3","101.15","S","none","Representative locality; not a verified unit GPS position","https://s3-ap-southeast-2.amazonaws.com/awm-media/collection/RCDIG1070591/document/5519874.PDF"
"2/2nd Gurkha Rifles","2","1942-01-01T12:00","slimRiver","3.827","101.4023","S","none","Representative locality; not a verified unit GPS position","https://s3-ap-southeast-2.amazonaws.com/awm-media/collection/RCDIG1070591/document/5519874.PDF"
"2/2nd Gurkha Rifles","3","1942-01-07T12:00","slimRiver","3.827","101.4023","S","firing","Representative locality; not a verified unit GPS position","https://s3-ap-southeast-2.amazonaws.com/awm-media/collection/RCDIG1070591/document/5519874.PDF"
"2/9th Gurkha Rifles","1","1941-12-30T12:00","kampar","4.3","101.15","S","none","Representative locality; not a verified unit GPS position","https://s3-ap-southeast-2.amazonaws.com/awm-media/collection/RCDIG1070591/document/5519874.PDF"
"2/9th Gurkha Rifles","2","1942-01-05T12:00","slimRiver","3.827","101.4023","S","none","Representative locality; not a verified unit GPS position","https://s3-ap-southeast-2.amazonaws.com/awm-media/collection/RCDIG1070591/document/5519874.PDF"
"2/9th Gurkha Rifles","3","1942-01-07T12:00","slimRiver","3.827","101.4023","S","firing","Representative locality; not a verified unit GPS position","https://s3-ap-southeast-2.amazonaws.com/awm-media/collection/RCDIG1070591/document/5519874.PDF"
"British 18th Infantry Division","1","1942-02-11T12:00","macRitchie","1.3448","103.8239","S","none","Representative locality; not a verified unit GPS position","https://www.nhb.gov.sg/what-we-do/our-work/sector-development/museum-roundtable/2024-battle-for-singapore"
"British 18th Infantry Division","2","1942-02-14T12:00","bukitBrown","1.3337","103.8307","S","firing","Representative locality; not a verified unit GPS position","https://www.nhb.gov.sg/what-we-do/our-work/sector-development/museum-roundtable/2024-battle-for-singapore"
"British 18th Infantry Division","3","1942-02-15T20:30","braddell","1.3437","103.847","S","none","Representative locality; not a verified unit GPS position","https://www.nhb.gov.sg/what-we-do/our-work/sector-development/museum-roundtable/2024-battle-for-singapore"
"British 53rd Infantry Brigade","1","1942-01-16T12:00","labis","2.3834","103.0199","S","none","Representative locality; not a verified unit GPS position","https://history.army.mil/portals/143/Images/Publications/catalog/11-1.pdf"
"British 53rd Infantry Brigade","2","1942-01-18T12:00","yongPeng","2.0132","103.0571","S","none","Representative locality; not a verified unit GPS position","https://history.army.mil/portals/143/Images/Publications/catalog/11-1.pdf"
"British 53rd Infantry Brigade","3","1942-01-24T12:00","ayerHitam","1.9182","103.1795","S","none","Representative locality; not a verified unit GPS position","https://history.army.mil/portals/143/Images/Publications/catalog/11-1.pdf"
"British 53rd Infantry Brigade","4","1942-02-15T20:30","braddell","1.3437","103.847","S","crack","Representative locality; not a verified unit GPS position","https://history.army.mil/portals/143/Images/Publications/catalog/11-1.pdf"
"Australia · 2/18th Battalion","1","1941-12-08T12:00","mersing","2.4299","103.8355","S","none","Representative locality; not a verified unit GPS position","https://www.awm.gov.au/collection/U56061"
"Australia · 2/18th Battalion","2","1942-01-17T12:00","jemaluang","2.2758","103.8579","S","none","Representative locality; not a verified unit GPS position","https://www.awm.gov.au/collection/U56061"
"Australia · 2/18th Battalion","3","1942-01-27T03:00","jemaluang","2.2758","103.8579","S","firing","Representative locality; not a verified unit GPS position","https://www.awm.gov.au/collection/U56061"
"Australia · 2/18th Battalion","4","1942-02-08T23:00","sarimbun","1.4352","103.6986","S","firing","Representative locality; not a verified unit GPS position","https://www.awm.gov.au/collection/U56061"
"Australia · 2/18th Battalion","5","1942-02-11T12:00","bukitTimah","1.3279","103.7936","S","none","Representative locality; not a verified unit GPS position","https://www.awm.gov.au/collection/U56061"
"Australia · 2/18th Battalion","6","1942-02-15T20:30","singapore","1.2899","103.8519","S","none","Representative locality; not a verified unit GPS position","https://www.awm.gov.au/collection/U56061"
"Australia · 2/19th Battalion","1","1941-12-08T12:00","jemaluang","2.2758","103.8579","S","none","Representative locality; not a verified unit GPS position","https://www.awm.gov.au/collection/U56062"
"Australia · 2/19th Battalion","2","1942-01-17T12:00","bakri","2.0425","102.654","S","none","Representative locality; not a verified unit GPS position","https://www.awm.gov.au/collection/U56062"
"Australia · 2/19th Battalion","3","1942-01-19T12:00","bakri","2.0425","102.654","S","firing","Representative locality; not a verified unit GPS position","https://www.awm.gov.au/collection/U56062"
"Australia · 2/19th Battalion","4","1942-01-22T12:00","paritSulong","1.9759","102.883","S","crack","Representative locality; not a verified unit GPS position","https://www.awm.gov.au/collection/U56062"
"Australia · 2/19th Battalion","5","1942-01-23T12:00","yongPeng","2.0132","103.0571","S","none","Representative locality; not a verified unit GPS position","https://www.awm.gov.au/collection/U56062"
"Australia · 2/19th Battalion","6","1942-01-26T12:00","johorBahru","1.4582","103.7649","S","none","Representative locality; not a verified unit GPS position","https://www.awm.gov.au/collection/U56062"
"Australia · 2/19th Battalion","7","1942-02-08T23:00","sarimbun","1.4352","103.6986","S","firing","Representative locality; not a verified unit GPS position","https://www.awm.gov.au/collection/U56062"
"Australia · 2/19th Battalion","8","1942-02-15T20:30","singapore","1.2899","103.8519","S","none","Representative locality; not a verified unit GPS position","https://www.awm.gov.au/collection/U56062"
"Australia · 2/20th Battalion","1","1941-12-08T12:00","mersing","2.4299","103.8355","S","none","Representative locality; not a verified unit GPS position","https://www.awm.gov.au/collection/U56063"
"Australia · 2/20th Battalion","2","1942-01-26T12:00","mersing","2.4299","103.8355","S","firing","Representative locality; not a verified unit GPS position","https://www.awm.gov.au/collection/U56063"
"Australia · 2/20th Battalion","3","1942-01-31T12:00","limChuKang","1.431","103.7195","S","none","Representative locality; not a verified unit GPS position","https://www.awm.gov.au/collection/U56063"
"Australia · 2/20th Battalion","4","1942-02-08T23:00","limChuKang","1.431","103.7195","S","firing","Representative locality; not a verified unit GPS position","https://www.awm.gov.au/collection/U56063"
"Australia · 2/20th Battalion","5","1942-02-15T20:30","singapore","1.2899","103.8519","S","none","Representative locality; not a verified unit GPS position","https://www.awm.gov.au/collection/U56063"
"Australia · 2/26th Battalion","1","1941-12-08T12:00","kotaTinggi","1.7337","103.9007","S","none","Representative locality; not a verified unit GPS position","https://www.awm.gov.au/collection/U56069"
"Australia · 2/26th Battalion","2","1942-01-10T12:00","segamat","2.582","102.6191","S","none","Representative locality; not a verified unit GPS position","https://www.awm.gov.au/collection/U56069"
"Australia · 2/26th Battalion","3","1942-01-14T12:00","payaLang","2.6028","102.703","S","firing","Representative locality; not a verified unit GPS position","https://www.awm.gov.au/collection/U56069"
"Australia · 2/26th Battalion","4","1942-01-23T12:00","yongPeng","2.0132","103.0571","S","none","Representative locality; not a verified unit GPS position","https://www.awm.gov.au/collection/U56069"
"Australia · 2/26th Battalion","5","1942-01-24T12:00","ayerHitam","1.9182","103.1795","S","none","Representative locality; not a verified unit GPS position","https://www.awm.gov.au/collection/U56069"
"Australia · 2/26th Battalion","6","1942-01-27T12:00","simpangRenggam","1.8267","103.3087","S","firing","Representative locality; not a verified unit GPS position","https://www.awm.gov.au/collection/U56069"
"Australia · 2/26th Battalion","7","1942-02-09T12:00","kranji","1.4252","103.762","S","firing","Representative locality; not a verified unit GPS position","https://www.awm.gov.au/collection/U56069"
"Australia · 2/26th Battalion","8","1942-02-15T20:30","singapore","1.2899","103.8519","S","none","Representative locality; not a verified unit GPS position","https://www.awm.gov.au/collection/U56069"
"Australia · 2/29th Battalion","1","1941-12-08T12:00","segamat","2.582","102.6191","S","none","Representative locality; not a verified unit GPS position","https://www.awm.gov.au/collection/U56072"
"Australia · 2/29th Battalion","2","1942-01-14T12:00","bulohKasap","2.5511","102.7681","S","none","Representative locality; not a verified unit GPS position","https://www.awm.gov.au/collection/U56072"
"Australia · 2/29th Battalion","3","1942-01-17T12:00","bakri","2.0425","102.654","S","none","Representative locality; not a verified unit GPS position","https://www.awm.gov.au/collection/U56072"
"Australia · 2/29th Battalion","4","1942-01-18T12:00","bakri","2.0425","102.654","S","firing","Representative locality; not a verified unit GPS position","https://www.awm.gov.au/collection/U56072"
"Australia · 2/29th Battalion","5","1942-01-22T12:00","paritSulong","1.9759","102.883","S","crack","Representative locality; not a verified unit GPS position","https://www.awm.gov.au/collection/U56072"
"Australia · 2/29th Battalion","6","1942-01-23T12:00","yongPeng","2.0132","103.0571","S","none","Representative locality; not a verified unit GPS position","https://www.awm.gov.au/collection/U56072"
"Australia · 2/29th Battalion","7","1942-01-31T12:00","johorBahru","1.4582","103.7649","S","none","Representative locality; not a verified unit GPS position","https://www.awm.gov.au/collection/U56072"
"Australia · 2/29th Battalion","8","1942-02-15T20:30","singapore","1.2899","103.8519","S","none","Representative locality; not a verified unit GPS position","https://www.awm.gov.au/collection/U56072"
"Australia · 2/30th Battalion","1","1941-12-08T12:00","jemaluang","2.2758","103.8579","S","none","Representative locality; not a verified unit GPS position","https://www.awm.gov.au/collection/U56073"
"Australia · 2/30th Battalion","2","1942-01-10T12:00","segamat","2.582","102.6191","S","none","Representative locality; not a verified unit GPS position","https://www.awm.gov.au/collection/U56073"
"Australia · 2/30th Battalion","3","1942-01-14T15:45","gemas","2.5795","102.6138","S","firing","Representative locality; not a verified unit GPS position","https://www.awm.gov.au/collection/U56073"
"Australia · 2/30th Battalion","4","1942-01-15T12:00","gemas","2.5795","102.6138","S","firing","Representative locality; not a verified unit GPS position","https://www.awm.gov.au/collection/U56073"
"Australia · 2/30th Battalion","5","1942-01-24T12:00","ayerHitam","1.9182","103.1795","S","none","Representative locality; not a verified unit GPS position","https://www.awm.gov.au/collection/U56073"
"Australia · 2/30th Battalion","6","1942-02-09T12:00","kranji","1.4252","103.762","S","firing","Representative locality; not a verified unit GPS position","https://www.awm.gov.au/collection/U56073"
"Australia · 2/30th Battalion","7","1942-02-15T20:30","singapore","1.2899","103.8519","S","none","Representative locality; not a verified unit GPS position","https://www.awm.gov.au/collection/U56073"
"Australia · 2/10th Field Regiment","1","1941-12-08T12:00","mersing","2.4299","103.8355","S","none","Representative locality; not a verified unit GPS position","https://www.awm.gov.au/collection/U54400"
"Australia · 2/10th Field Regiment","2","1942-01-21T12:00","mersing","2.4299","103.8355","S","firing","Representative locality; not a verified unit GPS position","https://www.awm.gov.au/collection/U54400"
"Australia · 2/10th Field Regiment","3","1942-01-27T03:00","jemaluang","2.2758","103.8579","S","firing","Representative locality; not a verified unit GPS position","https://www.awm.gov.au/collection/U54400"
"Australia · 2/10th Field Regiment","4","1942-01-31T12:00","johorBahru","1.4582","103.7649","S","none","Representative locality; not a verified unit GPS position","https://www.awm.gov.au/collection/U54400"
"Australia · 2/10th Field Regiment","5","1942-02-08T23:00","sarimbun","1.4352","103.6986","S","firing","Representative locality; not a verified unit GPS position","https://www.awm.gov.au/collection/U54400"
"Australia · 2/10th Field Regiment","6","1942-02-15T20:30","singapore","1.2899","103.8519","S","none","Representative locality; not a verified unit GPS position","https://www.awm.gov.au/collection/U54400"
"Australia · 2/15th Field Regiment · western sector","1","1941-12-08T12:00","kluang","2.0323","103.3191","S","none","Representative locality; not a verified unit GPS position","https://www.awm.gov.au/collection/U54405"
"Australia · 2/15th Field Regiment · western sector","2","1942-01-13T12:00","payaLang","2.6028","102.703","S","none","Representative locality; not a verified unit GPS position","https://www.awm.gov.au/collection/U54405"
"Australia · 2/15th Field Regiment · western sector","3","1942-01-18T12:00","gemas","2.5795","102.6138","S","firing","Representative locality; not a verified unit GPS position","https://www.awm.gov.au/collection/U54405"
"Australia · 2/15th Field Regiment · western sector","4","1942-01-31T12:00","johorBahru","1.4582","103.7649","S","none","Representative locality; not a verified unit GPS position","https://www.awm.gov.au/collection/U54405"
"Australia · 2/15th Field Regiment · western sector","5","1942-02-08T23:00","sarimbun","1.4352","103.6986","S","firing","Representative locality; not a verified unit GPS position","https://www.awm.gov.au/collection/U54405"
"Australia · 2/15th Field Regiment · western sector","6","1942-02-15T20:30","singapore","1.2899","103.8519","S","none","Representative locality; not a verified unit GPS position","https://www.awm.gov.au/collection/U54405"
"Australia · 65th Battery, 2/15th Field","1","1942-01-13T12:00","muar","2.05","102.5667","S","none","Representative locality; not a verified unit GPS position","https://www.awm.gov.au/collection/U54405"
"Australia · 65th Battery, 2/15th Field","2","1942-01-18T12:00","bakri","2.0425","102.654","S","firing","Representative locality; not a verified unit GPS position","https://www.awm.gov.au/collection/U54405"
"Australia · 65th Battery, 2/15th Field","3","1942-01-22T12:00","paritSulong","1.9759","102.883","S","firing","Representative locality; not a verified unit GPS position","https://www.awm.gov.au/collection/U54405"
"Australia · 65th Battery, 2/15th Field","4","1942-01-23T12:00","yongPeng","2.0132","103.0571","S","none","Representative locality; not a verified unit GPS position","https://www.awm.gov.au/collection/U54405"
"Australia · 2/4th Anti-Tank · 13th Battery","1","1942-01-17T12:00","bakri","2.0425","102.654","S","none","Representative locality; not a verified unit GPS position","https://www.awm.gov.au/collection/011300"
"Australia · 2/4th Anti-Tank · 13th Battery","2","1942-01-18T12:00","bakri","2.0425","102.654","S","firing","Representative locality; not a verified unit GPS position","https://www.awm.gov.au/collection/011300"
"Force Z · Prince of Wales & Repulse","1","1941-12-08T12:00","singaporeHarbour","1.255","103.81","L","none","Representative locality; not a verified unit GPS position","https://www.awm.gov.au/collection/E84717"
"Force Z · Prince of Wales & Repulse","2","1941-12-10T12:00","kuantanSea","3.65","104.05","L","booming","Representative locality; not a verified unit GPS position","https://www.awm.gov.au/collection/E84717"
"Japanese tank advance","1","1941-12-13T12:00","jitra","6.2668","100.4197","M","none","Representative locality; not a verified unit GPS position","https://www.awm.gov.au/collection/E84717"
"Japanese tank advance","2","1942-01-07T12:00","slimRiver","3.827","101.4023","M","firing","Representative locality; not a verified unit GPS position","https://www.awm.gov.au/collection/E84717"
"Japanese tank advance","3","1942-01-14T12:00","gemas","2.5795","102.6138","M","firing","Representative locality; not a verified unit GPS position","https://www.awm.gov.au/collection/E84717"
"Japanese tank advance","4","1942-01-18T12:00","bakri","2.0425","102.654","M","none","Representative locality; not a verified unit GPS position","https://www.awm.gov.au/collection/E84717"
"Japanese tank advance","5","1942-02-11T12:00","bukitTimah","1.3279","103.7936","S","booming","Representative locality; not a verified unit GPS position","https://www.awm.gov.au/collection/E84717"
"Australian artillery · Johor","1","1942-01-14T12:00","gemas","2.5795","102.6138","M","firing","Representative locality; not a verified unit GPS position","https://www.awm.gov.au/collection/E84717"
"Australian artillery · Johor","2","1942-01-18T12:00","bakri","2.0425","102.654","M","firing","Representative locality; not a verified unit GPS position","https://www.awm.gov.au/collection/E84717"
"Australian artillery · Johor","3","1942-01-24T12:00","yongPeng","2.0132","103.0571","M","none","Representative locality; not a verified unit GPS position","https://www.awm.gov.au/collection/E84717"
"Australian artillery · Johor","4","1942-02-08T23:00","sarimbun","1.4352","103.6986","S","firing","Representative locality; not a verified unit GPS position","https://www.awm.gov.au/collection/E84717"
"1st Battalion, Malay Regiment · Pasir Panjang","1","1942-02-13T12:00","pasirPanjang","1.2762","103.7915","M","firing","Representative locality; not a verified unit GPS position","https://www.nhb.gov.sg/bukitchandu/whats-on/exhibitions/into-battle"
"1st Battalion, Malay Regiment · Pasir Panjang","2","1942-02-14T12:00","bukitChandu","1.2797","103.7941","M","firing","Representative locality; not a verified unit GPS position","https://www.nhb.gov.sg/bukitchandu/whats-on/exhibitions/into-battle"
"2/30th Battalion · B Company, Gemencheh","1","1942-01-14T15:45","gemencheh","2.5955","102.519","S","firing","Representative locality; not a verified unit GPS position","https://www.awm.gov.au/articles/blog/gemencheh-bridge"
"2/30th Battalion · B Company, Gemencheh","2","1942-01-15T12:00","gemas","2.5795","102.6138","S","none","Representative locality; not a verified unit GPS position","https://www.awm.gov.au/articles/blog/gemencheh-bridge"
"2/19th Battalion · D Company, Endau","1","1942-01-07T12:00","jemaluang","2.2758","103.8579","S","none","Representative locality; not a verified unit GPS position","https://www.awm.gov.au/collection/U56062"
"2/19th Battalion · D Company, Endau","2","1942-01-14T12:00","endau","2.6522","103.6225","S","firing","Representative locality; not a verified unit GPS position","https://www.awm.gov.au/collection/U56062"
"2/19th Battalion · D Company, Endau","3","1942-01-17T12:00","jemaluang","2.2758","103.8579","S","none","Representative locality; not a verified unit GPS position","https://www.awm.gov.au/collection/U56062"
"2/20th Battalion · C Company, Endau","1","1942-01-07T12:00","mersing","2.4299","103.8355","S","none","Representative locality; not a verified unit GPS position","https://www.awm.gov.au/collection/U56063"
"2/20th Battalion · C Company, Endau","2","1942-01-14T12:00","endau","2.6522","103.6225","S","firing","Representative locality; not a verified unit GPS position","https://www.awm.gov.au/collection/U56063"
"2/20th Battalion · C Company, Endau","3","1942-01-26T12:00","mersing","2.4299","103.8355","S","none","Representative locality; not a verified unit GPS position","https://www.awm.gov.au/collection/U56063"
